<?xml version="1.0" encoding="UTF-8"?>
<project-private xmlns="http://www.netbeans.org/ns/project-private/1">
    <editor-bookmarks xmlns="http://www.netbeans.org/ns/editor-bookmarks/2" lastBookmarkId="0"/>
    <open-files xmlns="http://www.netbeans.org/ns/projectui-open-files/2">
        <group>
            <file>file:/G:/Backups/Lap/My/SANJU/H%20Y%20M%20FERNANDO/Practicals/JAVA/SuperMarket/SuperMarketSystem/src/View/Menu.java</file>
            <file>file:/G:/Backups/Lap/My/SANJU/H%20Y%20M%20FERNANDO/Practicals/JAVA/SuperMarket/SuperMarketSystem/src/View/Login.java</file>
            <file>file:/G:/Backups/Lap/My/SANJU/H%20Y%20M%20FERNANDO/Practicals/JAVA/SuperMarket/SuperMarketSystem/src/View/ProductView.java</file>
        </group>
    </open-files>
</project-private>
